spacing,final_equity,return_pct,max_drawdown,realized_pnl,unrealized_pnl,total_pnl,trades,direction
0.003,1276.0110500630267,0.2760110500630267,0.14061296683411173,-8.562637335839092,5.813687398838002,-2.7489499370010906,1212,short
